beautiful-woman-brushing-her-hair-260nw-340300136.jpg,8
beautiful-asian-business-operator-isolated-260nw-134556923.jpg,6
japanese-nurse-heart-260nw-259271540.jpg,4
woman-hold-shopping-bag-showing-260nw-303298601.jpg,6
asian-young-beautiful-woman-happy-260nw-496229425.jpg,3
asian-beautiful-girl-260nw-86674228.jpg,3
young-asian-woman-outdoor-260nw-1490435537.jpg,9
happy-asian-woman-holding-christmas-260nw-153737582.jpg,3
woman-play-tv-game-home-260nw-1124377034.jpg,4
asian-woman-present-good-products-260nw-1302531631.jpg,6
beauty-asian-woman-health-skin-260nw-1426000106.jpg,9
smiling-call-center-operator-260nw-140955097.jpg,2
young-beautiful-chinese-woman-wearing-260nw-1764089447.jpg,3
beautiful-asian-woman-using-smartphone-260nw-1484953931.jpg,4
young-businesswoman-glasses-smile-260nw-145914683.jpg,2
japanese-nurse-room-260nw-781319506.jpg,0
businesswoman-hold-laptop-finger-260nw-274355636.jpg,4
face-skin-problem-young-woman-260nw-387376813.jpg,7
attractive-teacher-student-blackboard-260nw-219741592.jpg,2
depressed-asian-woman-260nw-239944258.jpg,3
